"Supplied Name","guid","scientificName","family","kingdom","vernacular name","family","TSC Status","TSC Status Description","taxonRemarks","Reason","category","generalisation"
"Pterostylis foliata","https://id.biodiversity.org.au/name/apni/74610","Pterostylis foliata","Orchidaceae",,,,"V","Vulnerable",,"Risk of disturbance and collection","2","10km"
"Polytelis swainsonii","urn:lsid:biodiversity.org.au:afd.taxon:51dc6bc2-9165-4fc3-a374-1010ac3037d0","Polytelis swainsonii","Psittacidae",,,"Psittacidae","V","Vulnerable",,"Risk of egg collection and nest disturbance","3","1km"
"Pterostylis despectans (Nicholls)","https://id.biodiversity.org.au/node/apni/2901078","Pterostylis despectans","Orchidaceae",,,"Orchidaceae","E4A","Critically Endangered",,"Risk of disturbance and collection","2","10km"
"Prostanthera palustris B.J. Conn ","https://id.biodiversity.org.au/node/apni/2918112","Prostanthera palustris","Lamiaceae",,"Swamp Mint-bush","Lamiaceae","V","Vulnerable",,"Risk of disturbance","3","1km"
"Eucalyptus dissita K. D. Hill ","https://id.biodiversity.org.au/node/apni/2890966","Eucalyptus moorei subsp. moorei","Myrtaceae",,"Gibraltar Mallee","Myrtaceae","V","Vulnerable",,"Risk of disturbance","3","1km"
"Pterostylis metcalfei D. L. Jones ","https://id.biodiversity.org.au/name/apni/137817","Pterostylis metcalfei","Orchidaceae",,"Metcalfe's Greenhood","Orchidaceae","E1","Endangered",,"Risk of disturbance and collection","2","10km"
"Oberonia titania Lindl.","https://id.biodiversity.org.au/name/apni/84716","Oberonia titania","Orchidaceae",,"Red-flowered King of the Fairies","Orchidaceae","V","Vulnerable",,"Risk of disturbance and collection","2","10km"
"Diuris arenaria D.L. Jones","https://id.biodiversity.org.au/name/apni/135940","Diuris arenaria","Orchidaceae",,"Sand Doubletail","Orchidaceae","E1","Endangered",,"Risk of disturbance and collection","2","10km"
"Lathamus discolor","urn:lsid:biodiversity.org.au:afd.taxon:3f12e573-a7b7-45e7-a6e4-aeae9bc3a9ed","Lathamus discolor","Psittacidae",,,"Psittacidae","E1","Endangered",,"Risk of egg collection and nest disturbance","3","1km"
"Psilotum complanatum Sw. ","https://id.biodiversity.org.au/node/apni/2914286","Psilotum complanatum","Psilotaceae",,"Flat Fork Fern","Psilotaceae","E1","Endangered",,"Risk of disturbance","3","1km"
"Caladenia porphyrea D.L. Jones","https://id.biodiversity.org.au/name/apni/162940","Caladenia porphyrea","Orchidaceae",,,"Orchidaceae",,,,"Risk of disturbance and collection","2","10km"
"Gentiana bredboensis L.G. Adams","https://id.biodiversity.org.au/node/apni/2900971","Gentiana bredboensis","Gentianaceae",,"Bredbo Gentian","Gentianaceae","E4A","Critically Endangered",,"Risk of illegal collection","2","10km"
"Tyto tenebricosa","urn:lsid:biodiversity.org.au:afd.taxon:69c8164e-e5ff-4d44-adef-6a8c50cd14cc","Tyto (Megastrix) tenebricosa","Tytonidae",,,"Tytonidae","V","Vulnerable",,"Risk of egg collection and nest disturbance","3","1km"
"Persoonia pauciflora P. H. Weston ","https://id.biodiversity.org.au/node/apni/2899054","Persoonia pauciflora","Proteaceae",,"North Rothbury Persoonia","Proteaceae","E4A","Critically Endangered",,"Risk of disturbance","3","1km"
"Grammitis stenophylla B.S. Parris ","https://id.biodiversity.org.au/node/apni/2894545","Grammitis stenophylla","Polypodiaceae",,"Narrow-leaf Finger Fern","Grammitaceae","E1","Endangered",,"Risk of disturbance","3","1km"
"Philoria pughi","urn:lsid:biodiversity.org.au:afd.taxon:1f800926-6b4c-4e7c-802d-65cc9edfb368","Philoria pughi","Limnodynastidae",,,"Myobatrachidae","E1","Endangered",,"Risk of collection and disease","2","10km"
"Pterostylis saxicola D. L. Jones & M. A. Clem. ","https://id.biodiversity.org.au/node/apni/2900065","Pterostylis saxicola","Orchidaceae",,"Sydney Plains Greenhood","Orchidaceae","E1","Endangered",,"Risk of disturbance and collection","2","10km"
"Prasophyllum canaliculatum D.L. Jones","https://id.biodiversity.org.au/name/apni/161543","Prasophyllum canaliculatum","Orchidaceae",,"Summer Leek Orchid","Orchidaceae","E4A","Critically Endangered",,"Risk of disturbance and collection","2","10km"
"Caladenia concolor Fitzg. ","https://id.biodiversity.org.au/node/apni/2916278","Caladenia concolor","Orchidaceae",,"Crimson Spider Orchid","Orchidaceae","E1","Endangered",,"Risk of disturbance and collection","2","10km"
"Diuris sp. (Oaklands, D.L. Jones 5380) ","ALA_Diuris_sp_Oaklands_D_L_Jones_5380","Diuris sp. (Oaklands, D.L. Jones 5380)",,,,"Orchidaceae","E1","Endangered",,"Risk of disturbance and collection","2","10km"
"Diuris bracteata Fitzg.","https://id.biodiversity.org.au/name/apni/78804","Diuris bracteata","Orchidaceae",,,"Orchidaceae","E1","Endangered",,"Risk of disturbance and collection","2","10km"
"Zieria adenophora Blakely","https://id.biodiversity.org.au/node/apni/2905804","Zieria adenophora","Rutaceae",,,"Rutaceae","E4A","Critically Endangered",,"Risk of illegal collection","2","10km"
"Sarcochilus fitzgeraldii F. Muell. ","https://id.biodiversity.org.au/node/apni/2901615","Sarcochilus fitzgeraldii","Orchidaceae",,"Ravine Orchid","Orchidaceae","V","Vulnerable",,"Risk of disturbance and collection","2","10km"
"Pterostylis oreophila Clemesha","https://id.biodiversity.org.au/name/apni/75185","Pterostylis oreophila","Orchidaceae",,"Blue-tongued Greenhood","Orchidaceae","E4A","Critically Endangered",,"Risk of disturbance and collection","2","10km"
"Diploglottis campbellii Cheel ","https://id.biodiversity.org.au/node/apni/2906814","Diploglottis campbellii","Sapindaceae",,"Small-leaved Tamarind","Sapindaceae","E1","Endangered",,"Risk of disturbance","2","10km"
"Zieria parrisiae J.D.Briggs & J.A.Armstr.","https://id.biodiversity.org.au/node/apni/2919089","Zieria parrisiae","Rutaceae",,"Parris' Zieria","Rutaceae","E4A","Critically Endangered",,"Risk of illegal collection","2","10km"
"Grevillea mollis P. Olde & Molyneux ","https://id.biodiversity.org.au/node/apni/2890447","Grevillea mollis","Proteaceae",,"Soft Grevillea","Proteaceae","E1","Endangered",,"Risk of disturbance","3","1km"
"Lindsaea brachypoda (Baker) Salomon ","https://id.biodiversity.org.au/node/apni/2902961","Lindsaea brachypoda","Lindsaeaceae",,"Short-footed Screw Fern","Lindsaeaceae","E1","Endangered",,"Risk of disturbance","3","1km"
"Pterostylis vernalis (D.L. Jones) G.N. Backh.","https://id.biodiversity.org.au/name/apni/226107","Pterostylis vernalis","Orchidaceae",,,"Orchidaceae","E4A","Critically Endangered",,"Risk of disturbance and collection","2","10km"
"Pterostylis chaetophora M.A. Clem. & D.L. Jones","https://id.biodiversity.org.au/name/apni/74270","Pterostylis chaetophora","Orchidaceae",,,"Orchidaceae","V","Vulnerable",,"Risk of disturbance and collection","2","10km"
"Leucopogon confertus Benth. ","https://id.biodiversity.org.au/node/apni/2895126","Leucopogon confertus","Ericaceae",,"Torrington Beard-heath","Epacridaceae","E1","Endangered",,"Risk of disturbance","3","1km"
"Pezoporus wallicus wallicus","urn:lsid:biodiversity.org.au:afd.taxon:350c7a04-c587-4ca6-84b8-1f993eda8b11","Pezoporus wallicus wallicus","Psittacidae",,"Ground Parrot (eastern subsp.)","Psittacidae","V","Vulnerable",,"Risk of egg collection and nest disturbance","3","1km"
"Gyrostemon thesioides (Hook. f.) A.S. George ","https://id.biodiversity.org.au/node/apni/2898598","Gyrostemon thesioides","Gyrostemonaceae",,,"Gyrostemonaceae","E1","Endangered",,"Risk of disturbance","3","1km"
"Caladenia attenuata (Brinsley) D.L.Jones","https://id.biodiversity.org.au/name/apni/175383","Caladenia attenuata","Orchidaceae",,"Duramana Fingers","Orchidaceae","E4A","Critically Endangered",,"Risk of disturbance and collection","2","10km"
"Philoria loveridgei","urn:lsid:biodiversity.org.au:afd.taxon:f1e8b187-acbb-472d-89e7-a1900b4acdc7","Philoria loveridgei","Limnodynastidae",,,"Myobatrachidae","E1","Endangered",,"Risk of collection and disease","2","10km"
"Genoplesium plumosum (Rupp) D.L. Jones & M.A. Clem. ","https://id.biodiversity.org.au/node/apni/2894851","Genoplesium plumosum","Orchidaceae",,"Tallong Midge Orchid","Orchidaceae","E4A","Critically Endangered",,"Risk of disturbance and collection","2","10km"
"Dendrobium melaleucaphilum M. A. Clem. & D. L. Jones ","https://id.biodiversity.org.au/name/apni/86015","Dendrobium melaleucaphilum","Orchidaceae",,"Spider orchid","Orchidaceae","E1","Endangered",,"Risk of disturbance and collection","2","10km"
"Ninox connivens","urn:lsid:biodiversity.org.au:afd.taxon:a64b3461-23eb-47fe-9cf1-5d639ea47670","Ninox (Hieracoglaux) connivens","Strigidae",,,"Strigidae","V","Vulnerable",,"Risk of egg collection and nest disturbance","3","1km"
"Diuris tricolor Fitzg.","https://id.biodiversity.org.au/node/apni/2903119","Diuris tricolor","Orchidaceae",,"Pine Donkey Orchid","Orchidaceae","E2, V","Endangered Population, Vulnerable","Previously Diuris sheaffiana Fitzg.","Risk of disturbance and collection","2","10km"
"Genoplesium superbum D.L. Jones","https://id.biodiversity.org.au/name/apni/117491","Genoplesium superbum","Orchidaceae",,"Superb Midge Orchid","Orchidaceae","E1","Endangered",,"Risk of disturbance and collection","2","10km"
"Thelymitra sp. adorata (B. Branwhite JAJ1030) J. Jeanes ined.","https://id.biodiversity.org.au/name/apni/233691","Thelymitra adorata","Orchidaceae",,,"Orchidaceae","E4A","Critically Endangered",,"Risk of disturbance and collection","2","10km"
"Calyptorhynchus lathami","urn:lsid:biodiversity.org.au:afd.taxon:db6c2bba-e721-407d-bb54-7e5b0ade3376","Calyptorhynchus (Calyptorhynchus) lathami","Cacatuidae",,,"Cacatuidae","V, E2","Vulnerable, Endangered Population",,"Risk of egg collection and nest disturbance","2","10km"
"Grevillea beadleana McGillivray ","https://id.biodiversity.org.au/node/apni/2900555","Grevillea beadleana","Proteaceae",,"Beadle's Grevillea","Proteaceae","E1","Endangered",,"Risk of disturbance","3","1km"
"Lindsaea fraseri Hook. ","https://id.biodiversity.org.au/node/apni/2906676","Lindsaea fraseri","Lindsaeaceae",,"Fraser's Screw Fern","Lindsaeaceae","E1","Endangered",,"Risk of disturbance","3","1km"
"Grevillea caleyi R. Br.","https://id.biodiversity.org.au/node/apni/2912335","Grevillea caleyi","Proteaceae",,,"Proteaceae","E4A","Critically Endangered",,"Risk of disturbance","3","1km"
"Neophema chrysogaster","urn:lsid:biodiversity.org.au:afd.taxon:bb3b5394-ebf7-41cc-8cd7-9f9bd28fa8e7","Neophema (Neonanodes) chrysogaster","Psittacidae",,,"Psittacidae","E4A","Critically Endangered",,"Risk of egg collection and nest disturbance","3","1km"
"Elymus multiflorus subsp. kingianus","https://id.biodiversity.org.au/taxon/apni/51291191","Anthosachne kingiana","Poaceae",,"Philip Island Wheat Grass","Poaceae","E4A","Critically Endangered",,"Risk of disturbance","3","1km"
"Choricarpia subargentea (C. White) L. Johnson ","https://id.biodiversity.org.au/node/apni/2888873","Backhousia subargentea","Myrtaceae",,"Giant Ironwood","Myrtaceae","E1","Endangered",,"Risk of disturbance","3","1km"
"Thelymitra epipactoides F. Muell.","https://id.biodiversity.org.au/node/apni/2909701","Thelymitra epipactoides","Orchidaceae",,,"Orchidaceae","E4","Presumed Extinct",,"Risk of disturbance and collection","2","10km"
"Prostanthera staurophylla sensu stricto F. Muell.","ALA_Prostanthera_staurophylla_sensu_stricto_F_Muell","Prostanthera staurophylla sensu stricto F. Muell.",,,"Torrington Mint-bush","Lamiaceae","E1","Endangered",,"Risk of disturbance and collection","2","10km"
"Diuris disposita D.L.Jones ","https://id.biodiversity.org.au/name/apni/117435","Diuris disposita","Orchidaceae",,"Willawarrin Doubletail","Orchidaceae","E1","Endangered",,"Risk of disturbance and collection","2","10km"
"Caladenia rosella G.W. Carr ","https://id.biodiversity.org.au/node/apni/2894212","Caladenia rosella","Orchidaceae",,"Rosella Spider Orchid","Orchidaceae","E4","Presumed Extinct",,"Risk of disturbance and collection","2","10km"
"Eucalyptus imlayensis Crisp & Brooker ","https://id.biodiversity.org.au/node/apni/2899202","Eucalyptus imlayensis","Myrtaceae",,"Imlay Mallee","Myrtaceae","E4A","Critically Endangered",,"Risk of disturbance","3","1km"
"Eidothea hardeniana P.H. Weston & R.M. Kooyman ","https://id.biodiversity.org.au/node/apni/2908076","Eidothea hardeniana","Proteaceae",,"Nightcap Oak","Proteaceae","E1","Endangered","Previously Eidothea sp. “Nightcap Range” (P. H. Weston 2469)","Risk of disturbance","2","10km"
"Diuris sp. aff. chrysantha (Byron Bay) (D.L. Jones ORG 2761) ","ALA_Diuris_sp_aff_chrysantha_Byron_Bay_D_L_Jones_ORG_2761","Diuris sp. aff. chrysantha (Byron Bay) (D.L. Jones ORG 2761)",,,,"Orchidaceae","E1","Endangered",,"Risk of disturbance and collection","2","10km"
"Tyto novaehollandiae","urn:lsid:biodiversity.org.au:afd.taxon:32b5f516-e4bc-4e81-b98a-c44c6dc84159","Tyto (Megastrix) novaehollandiae","Tytonidae",,,"Tytonidae","V","Vulnerable",,"Risk of egg collection and nest disturbance","3","1km"
"Myriophyllum implicatum Orchard","https://id.biodiversity.org.au/node/apni/2889355","Myriophyllum implicatum","Haloragaceae",,,"Haloragaceae","E4A","Critically Endangered",,"Risk of disturbance and collection","2","10km"
"Mixophyes iteratus","urn:lsid:biodiversity.org.au:afd.taxon:9eef5215-a3d4-4435-b82c-9284d730f002","Mixophyes iteratus","Myobatrachidae",,,"Myobatrachidae","E1","Endangered",,"Risk of collection and disease","2","10km"
"Thelymitra atronitida Jeanes","https://id.biodiversity.org.au/name/apni/164764","Thelymitra atronitida","Orchidaceae",,"Black-hooded Sun Orchid","Orchidaceae","E4A","Critically Endangered",,"Risk of disturbance and collection","2","10km"
"Grevillea iaspicula McGill.","https://id.biodiversity.org.au/node/apni/2897239","Grevillea iaspicula","Proteaceae",,"Wee Jasper Grevillea","Proteaceae","E4A","Critically Endangered",,"Risk of illegal collection","2","10km"
"Hakea pulvinifera L. Johnson","https://id.biodiversity.org.au/node/apni/2917559","Hakea pulvinifera","Proteaceae",,"Lake Keepit Hakea","Proteaceae","E1","Endangered",,"Risk of disturbance","2","10km"
"Prasophyllum uroglossum Rupp ","https://id.biodiversity.org.au/node/apni/2915139","Prasophyllum fuscum","Orchidaceae",,"Wingecarribee Leek Orchid","Orchidaceae","E4A","Critically Endangered",,"Risk of disturbance and collection","2","10km"
"Pimelea venosa Threlfall ","https://id.biodiversity.org.au/node/apni/2891541","Pimelea venosa","Thymelaeaceae",,"Bolivia Hill Pimelea","Thymelaeaceae","E1","Endangered",,"Risk of disturbance","3","1km"
"Pomaderris adnata N.G. Walsh & F. Coates","https://id.biodiversity.org.au/node/apni/2896205","Pomaderris adnata","Rhamnaceae",,"Sublime Point Pomaderris","Rhamnaceae","E1","Endangered",,"Risk of disturbance","3","1km"
"Callocephalon fimbriatum","urn:lsid:biodiversity.org.au:afd.taxon:56514a28-86db-4296-be0f-5f96f46e07c4","Callocephalon fimbriatum","Cacatuidae",,,"Cacatuidae","E2, V","Endangered Population, Vulnerable",,"Risk of egg collection and nest disturbance","3","1km"
"Chiloglottis platyptera D. L. Jones ","https://id.biodiversity.org.au/name/apni/117392","Chiloglottis platyptera","Orchidaceae",,"Barrington Tops Ant Orchid","Orchidaceae","V","Vulnerable",,"Risk of disturbance and collection","2","10km"
"Rhizanthella slateri (Rupp) M.A. Clem. and P.J. Cribb ","https://id.biodiversity.org.au/node/apni/2900261","Rhizanthella slateri","Orchidaceae",,"Eastern Australian Underground Orchid","Orchidaceae","E2, V","Endangered Population, Vulnerable",,"Risk of disturbance and collection","2","10km"
"Hypsela sessiliflora F. Wimmer ","https://id.biodiversity.org.au/node/apni/2897543","Isotoma fluviatilis subsp. fluviatilis","Campanulaceae",,,"Lobeliaceae","E1","Endangered",,"Risk of disturbance","3","1km"
"Prasophyllum bagoensis D.L. Jones","https://id.biodiversity.org.au/name/apni/242531","Prasophyllum bagoensis","Orchidaceae",,,"Orchidaceae","E4A","Critically Endangered",,"Risk of disturbance and collection","2","10km"
"Oberonia complanata (A. Cunn.) M.A. Clem. & D.L. Jones","https://id.biodiversity.org.au/name/apni/84629","Oberonia complanata","Orchidaceae",,"Yellow-flowered King of the Fairies","Orchidaceae","E1","Endangered",,"Risk of disturbance and collection","2","10km"
"Geodorum densiflorum (Lam.) Schltr. ","https://id.biodiversity.org.au/name/apni/80628","Geodorum densiflorum","Orchidaceae",,"Pink Nodding Orchid","Orchidaceae","E1","Endangered",,"Risk of disturbance and collection","2","10km"
"Pterostylis cobarensis M.A. Clem.","https://id.biodiversity.org.au/node/apni/2907982","Pterostylis cobarensis","Orchidaceae",,"Greenhood Orchid","Orchidaceae","V","Vulnerable",,"Risk of disturbance and collection","2","10km"
"Cryptostylis hunteriana Nicholls ","https://id.biodiversity.org.au/node/apni/2889169","Cryptostylis hunteriana","Orchidaceae",,"Leafless Tongue Orchid","Orchidaceae","V","Vulnerable",,"Risk of disturbance and collection","2","10km"
"Grevillea masonii P. Olde & N. Marriott ","https://id.biodiversity.org.au/node/apni/2913810","Grevillea masonii","Proteaceae",,"Mason's Grevillea","Proteaceae","E1","Endangered",,"Risk of disturbance","3","1km"
"Banksia conferta A.S.George subsp. conferta","https://id.biodiversity.org.au/node/apni/9597877","Banksia conferta","Proteaceae",,,"Proteaceae","E4A","Critically Endangered",,"Risk of disturbance","2","10km"
"Pultenaea sp. Genowlan Point (NSW 417813) ","https://id.biodiversity.org.au/node/apni/2891788","Pultenaea sp. Genowlan Point (NSW 417813)","Fabaceae",,,"Fabaceae","E4A","Critically Endangered",,"Risk of disturbance","3","1km"
"Caladenia arenaria Fitzg. ","https://id.biodiversity.org.au/node/apni/2910924","Caladenia arenaria","Orchidaceae",,"Sand-hill Spider Orchid","Orchidaceae","E1","Endangered",,"Risk of disturbance and collection","2","10km"
"Prasophyllum retroflexum D.L. Jones","https://id.biodiversity.org.au/name/apni/163861","Prasophyllum retroflexum","Orchidaceae",,"Kiandra Leek Orchid","Orchidaceae","V","Vulnerable",,"Risk of disturbance and collection","2","10km"
"Prasophyllum affine Lindl.","https://id.biodiversity.org.au/node/apni/2901813","Prasophyllum affine","Orchidaceae",,"Jervis Bay Leek Orchid","Orchidaceae","E1","Endangered",,"Risk of disturbance and collection","2","10km"
"Elaeocarpus williamsianus Guymer ","https://id.biodiversity.org.au/node/apni/2906669","Elaeocarpus williamsianus","Elaeocarpaceae",,"Hairy Quandong","Elaeocarpaceae","E1","Endangered",,"Risk of disturbance","3","1km"
"Typhonium sp. aff. brownii (A.G.Floyd 11/3/1958 North Coast Regional Botanic Garden herbarium 585) ","ALA_Typhonium_sp_aff_brownii_A_G_Floyd_11_3_1958_North_Coast_Regional_Botanic_Garden_herbarium_585","Typhonium sp. aff. brownii (A.G.Floyd 11/3/1958 North Coast Regional Botanic Garden herbarium 585)",,,,"Araceae","E1","Endangered",,"Risk of disturbance","3","1km"
"Prasophyllum petilum D.L. Jones & R.J. Bates","https://id.biodiversity.org.au/node/apni/2899002","Prasophyllum petilum","Orchidaceae",,"Tarengo Leek Orchid","Orchidaceae","E1","Endangered",,"Risk of disturbance and collection","2","10km"
"Lindsaea incisa Prent. ","https://id.biodiversity.org.au/node/apni/2892259","Lindsaea incisa","Lindsaeaceae",,"Slender Screw Fern","Lindsaeaceae","E1","Endangered",,"Risk of disturbance","3","1km"
"Lastreopsis hispida (Sw.) Tind. ","https://id.biodiversity.org.au/node/apni/2907135","Lastreopsis hispida","Dryopteridaceae",,"Bristly Shield Fern","Dryopteridaceae","E1","Endangered",,"Risk of disturbance","3","1km"
"Mixophyes fleayi","urn:lsid:biodiversity.org.au:afd.taxon:289e1b7c-1323-473a-8c2b-a674324c102e","Mixophyes fleayi","Myobatrachidae",,,"Myobatrachidae","E1","Endangered",,"Risk of collection and disease","2","10km"
"Polytelis anthopeplus monarchoides","urn:lsid:biodiversity.org.au:afd.taxon:5ba0d9f3-fa07-4577-8ada-a7e3a51b2792","Polytelis anthopeplus monarchoides","Psittacidae",,"Regent Parrot (eastern subsp.)","Psittacidae","E1","Endangered",,"Risk of egg collection and nest disturbance","3","1km"
"Erythrotriorchis radiatus","urn:lsid:biodiversity.org.au:afd.taxon:1405a1d4-557c-40ac-9f44-a6d41e9136cd","Erythrotriorchis radiatus","Accipitridae",,,"Accipitridae","E4A","Critically Endangered",,"Risk of egg collection and nest disturbance","2","10km"
"Genoplesium littorale D.L.Jones","https://id.biodiversity.org.au/name/apni/167947","Genoplesium littorale","Orchidaceae",,"Tuncurry Midge Orchid","Orchidaceae","E4A","Critically Endangered",,"Risk of illegal collection","2","10km"
"Zieria buxijugum J.D.Briggs & J.A.Armstr.","https://id.biodiversity.org.au/node/apni/2905774","Zieria buxijugum","Rutaceae",,"Box Range Zieria","Rutaceae","E4A","Critically Endangered",,"Risk of illegal collection","2","10km"
"Philoria richmondensis ","urn:lsid:biodiversity.org.au:afd.taxon:df58b980-3068-4491-81d5-74a6512047cf","Philoria richmondensis","Limnodynastidae",,,"Myobatrachidae","E1","Endangered",,"Risk of collection and disease","2","10km"
"Davidsonia jerseyana (F.Muell. ex F.M.Bailey) G. Harden & J.B. Williams","https://id.biodiversity.org.au/node/apni/2918807","Davidsonia jerseyana","Cunoniaceae",,"Davidson's Plum","Davidsoniaceae","E1","Endangered",,"Risk of disturbance","2","10km"
"Angiopteris evecta Hoffm. ","https://id.biodiversity.org.au/taxon/apni/51299822","Angiopteris evecta","Marattiaceae",,,"Marattiaceae","E1","Endangered",,"Risk of disturbance","2","10km"
"Diuris aequalis F. Muell. ex Fitzg. ","https://id.biodiversity.org.au/node/apni/2896378","Diuris aequalis","Orchidaceae",,"Buttercup Doubletail","Orchidaceae","E1","Endangered",,"Risk of disturbance and collection","2","10km"
"Pterostylis cucullata R. Br. ","https://id.biodiversity.org.au/node/apni/2919373","Pterostylis cucullata","Orchidaceae",,"Leafy Greenhood","Orchidaceae","V","Vulnerable",,"Risk of disturbance and collection","2","10km"
"Prasophyllum sp. Majors Creek (Jones 11084)","https://id.biodiversity.org.au/name/apni/50884923","Prasophyllum sp. Majors Creek (Jones 11084)","Orchidaceae",,,"Orchidaceae","E4A","Critically Endangered",,"Risk of disturbance and collection","2","10km"
"Microtis angusii D.L. Jones","https://id.biodiversity.org.au/node/apni/2909333","Microtis angusii","Orchidaceae",,"Angus's Onion Orchid","Orchidaceae","E1","Endangered",,"Risk of disturbance and collection","2","10km"
"Drynaria rigidula (Sw.) Beddome ","https://id.biodiversity.org.au/node/apni/2904164","Drynaria rigidula","Polypodiaceae",,"Basket Fern","Polypodiaceae","E1","Endangered",,"Risk of disturbance","3","1km"
"Zieria formosa J.D.Briggs & J.A.Armstr.","https://id.biodiversity.org.au/node/apni/2911487","Zieria formosa","Rutaceae",,"Shapely Zieria","Rutaceae","E4A","Critically Endangered",,"Risk of illegal collection","2","10km"
"Ninox strenua","urn:lsid:biodiversity.org.au:afd.taxon:c303a58c-ffb9-4bf6-a71b-5e22299c5ee2","Ninox (Rhabdoglaux) strenua","Strigidae",,,"Strigidae","V","Vulnerable",,"Risk of egg collection and nest disturbance","3","1km"
"Pterostylis bicornis D.L.Jones & M.A.Clem.","https://id.biodiversity.org.au/taxon/apni/51316867","Pterostylis bicornis","Orchidaceae",,,"Orchidaceae","E1","Endangered",,"Risk of disturbance and collection","2","10km"
"Nurus brevis","urn:lsid:biodiversity.org.au:afd.taxon:0d3d070c-220f-4611-92ab-9d3c06851145","Nurus brevis","Carabidae",,"Shorter Rainforest Ground-beetle","Carabidae","E1","Endangered",,"Risk of collection and disturbance","3","1km"
"Angophora exul K.D. Hill ","https://id.biodiversity.org.au/node/apni/2913071","Angophora bakeri subsp. bakeri","Myrtaceae",,"Gibraltar Rock Apple","Myrtaceae","E1","Endangered",,"Risk of disturbance","3","1km"
"Corunastylis sp. Charmhaven (NSW896673)","ALA_Corunastylis_sp_Charmhaven_NSW896673","Corunastylis sp. Charmhaven (NSW896673)",,,,"Orchidaceae","E4A","Critically Endangered",,"Risk of disturbance and collection","2","10km"
"Nurus atlas","urn:lsid:biodiversity.org.au:afd.taxon:62fbc3a0-a018-4c99-a2e6-2c5b57522dfa","Nurus atlas","Carabidae",,"Atlas Rainforest Ground-beetle","Carabidae","E1","Endangered",,"Risk of collection and disturbance","3","1km"
"Genoplesium vernale D.L.Jones ","https://id.biodiversity.org.au/node/apni/2911430","Genoplesium vernale","Orchidaceae",,"East Lynne Midge Orchid","Orchidaceae","V","Vulnerable",,"Risk of disturbance and collection","2","10km"
"Pultenaea sp. Olinda (R.G. Coveny 6616) ","ALA_Pultenaea_sp_Olinda_R_G_Coveny_6616","Pultenaea sp. Olinda (R.G. Coveny 6616)",,,,"Fabaceae","E1","Endangered",,"Risk of disturbance","3","1km"
"Genoplesium baueri R. Br.","https://id.biodiversity.org.au/name/apni/66142","Genoplesium baueri","Orchidaceae",,"Bauer's Midge Orchid","Orchidaceae","E1","Endangered",,"Risk of disturbance and collection","2","10km"
"Acacia dangarensis Tindale & Kodela","https://id.biodiversity.org.au/node/apni/2915433","Acacia dangarensis","Fabaceae",,,"Fabaceae","E1","Endangered",,"Risk of disturbance","3","1km"
"Pterostylis pulchella Messmer ","https://id.biodiversity.org.au/node/apni/2920806","Pterostylis pulchella","Orchidaceae",,"Waterfall Greenhood","Orchidaceae","V","Vulnerable",,"Risk of disturbance and collection","2","10km"
"Phaius australis F. Muell.","https://id.biodiversity.org.au/node/apni/2910902","Phaius australis","Orchidaceae",,"Southern Swamp Orchid","Orchidaceae","E1","Endangered",,"Risk of disturbance and collection","2","10km"
"Hoplocephalus bungaroides","urn:lsid:biodiversity.org.au:afd.taxon:83b5c16a-3111-4fe7-a7df-93d7ce06f794","Hoplocephalus bungaroides","Elapidae",,,"Elapidae","E1","Endangered",,"Risk of collection","2","10km"
"Platyzoma microphyllum R. Br. ","https://id.biodiversity.org.au/node/apni/2916514","Platyzoma microphyllum","Pteridaceae",,"Braid Fern","Platyzomataceae","E1","Endangered",,"Risk of disturbance","3","1km"
"Diuris flavescens D.L. Jones ","https://id.biodiversity.org.au/name/apni/117438","Diuris flavescens","Orchidaceae",,"Pale Yellow Doubletail","Orchidaceae","E4A","Critically Endangered",,"Risk of disturbance and collection","2","10km"
"Prostanthera marifolia R. Br.","https://id.biodiversity.org.au/node/apni/2897722","Prostanthera marifolia","Lamiaceae",,"Seaforth Mintbush","Lamiaceae","E4A","Critically Endangered",,"Risk of disturbance","3","1km"
"Trachymene scapigera (Domin) B.L.Burtt ","https://id.biodiversity.org.au/node/apni/2903508","Trachymene scapigera","Araliaceae",,"Mountain Trachymene","Apiaceae","E1","Endangered",,"Risk of disturbance","3","1km"
"Calochilus pulchellus D.L.Jones","https://id.biodiversity.org.au/name/apni/205215","Calochilus pulchellus","Orchidaceae",,"Pretty Beard Orchid","Orchidaceae","E1","Endangered",,"Risk of disturbance and collection","2","10km"
"Arthropteris palisotii (Desv.) Alston ","https://id.biodiversity.org.au/node/apni/8496980","Arthropteris palisotii","Tectariaceae",,"Lesser Creeping Fern","Davalliaceae","E1","Endangered",,"Risk of disturbance","3","1km"
"Leionema lamprophyllum subsp. obovatum F.M. Anderson","https://id.biodiversity.org.au/node/apni/2906924","Leionema lamprophyllum subsp. obovatum","Rutaceae",,"Shiny Phebalium","Rutaceae","E2","Endangered Population",,"Risk of illegal collection","2","10km"
"Lophochroa leadbeateri","urn:lsid:biodiversity.org.au:afd.taxon:0217f06f-664c-4c64-bc59-1b54650fa23d","Lophochroa leadbeateri","Cacatuidae",,,"Cacatuidae","V","Vulnerable",,"Risk of egg collection and nest disturbance","2","10km"
"Elaeocarpus sedentarius Maynard & Crayn","https://id.biodiversity.org.au/node/apni/2916168","Elaeocarpus sedentarius","Elaeocarpaceae",,"Minyon Quandong","Elaeocarpaceae","E1","Endangered","Previously Elaeocarpus sp. Rocky Creek (G. Read AQ 562114)","Risk of disturbance","3","1km"
"Acacia atrox Kodela ms ","https://id.biodiversity.org.au/node/apni/2894816","Acacia atrox","Fabaceae",,"Myall Creek Wattle","Fabaceae","E1","Endangered",,"Risk of disturbance","3","1km"
"Sarcochilus dilatatus F. Muell. ","https://id.biodiversity.org.au/name/apni/62881","Sarcochilus dilatatus","Orchidaceae",,"Brown Butterfly Orchid","Orchidaceae","E1","Endangered",,"Risk of disturbance and collection","2","10km"
"Pterostylis ventricosa (D.L. Jones) G.N. Backh.","https://id.biodiversity.org.au/name/apni/226106","Pterostylis ventricosa","Orchidaceae",,,"Orchidaceae","E4A","Critically Endangered",,"Risk of disturbance and collection","2","10km"
"Tyto longimembris","urn:lsid:biodiversity.org.au:afd.taxon:12d6e000-f7c5-457b-b8dd-9e0d57c2aa25","Tyto (Tyto) longimembris","Tytonidae",,,"Tytonidae","V","Vulnerable",,"Risk of egg collection and nest disturbance","3","1km"
"Gingidia montana (Forster & Forster f.) J. Wyndham Dawson","https://id.biodiversity.org.au/node/apni/6904884","Gingidia rupicola","Apiaceae",,"Mountain Angelica","Apiaceae","E1","Endangered",,"Risk of disturbance","3","1km"
"Pterostylis nigricans L. Jones & M.A. Clem.","https://id.biodiversity.org.au/name/apni/75047","Pterostylis nigricans","Orchidaceae",,"Dark Greenhood","Orchidaceae","V","Vulnerable",,"Risk of disturbance and collection","2","10km"
"Pterostylis sp. Botany Bay (A. Bishop J221/1 13) ","https://id.biodiversity.org.au/node/apni/2900698","Pterostylis sp. Botany Bay (A.Bishop J221/1-13)","Orchidaceae",,"Botany Bay Bearded Orchid","Orchidaceae","E1","Endangered",,"Risk of disturbance and collection","2","10km"
"Grevillea divaricata R. Br. ","https://id.biodiversity.org.au/node/apni/2919387","Grevillea divaricata","Proteaceae",,,"Proteaceae","E1","Endangered",,"Risk of disturbance","3","1km"
"Indigofera efoliata F. Muell. ","https://id.biodiversity.org.au/node/apni/2899952","Indigofera efoliata","Fabaceae",,"Leafless Indigo","Fabaceae","E1","Endangered",,"Risk of disturbance","3","1km"
"Allocasuarina portuensis L. Johnson","https://id.biodiversity.org.au/node/apni/2891101","Allocasuarina portuensis","Casuarinaceae",,"Nielsen Park She-oak","Casuarinaceae","E1","Endangered",,"Risk of disturbance","3","1km"
"Eucalyptus pachycalyx subsp. banyabba K.D. Hill ","https://id.biodiversity.org.au/node/apni/6810160","Eucalyptus pachycalyx subsp. banyabba","Myrtaceae",,"Banyabba Shiny-barked Gum","Myrtaceae","E1","Endangered",,"Risk of disturbance","3","1km"
"Caladenia tessellata Fitzg. ","https://id.biodiversity.org.au/node/apni/2900910","Caladenia tessellata","Orchidaceae",,"Thick Lip Spider Orchid","Orchidaceae","E1","Endangered",,"Risk of disturbance and collection","2","10km"
"Genoplesium rhyoliticum D.L. Jones & M.A. Clem.","https://id.biodiversity.org.au/node/apni/2904516","Genoplesium rhyoliticum","Orchidaceae",,"Rhyolite Midge Orchid","Orchidaceae","E1","Endangered",,"Risk of disturbance and collection","2","10km"
"Pandion cristatus","urn:lsid:biodiversity.org.au:afd.taxon:21464fca-984c-4103-ab72-5f6e9e7d5a2b","Pandion cristatus","Accipitridae",,,"Accipitridae","V","Vulnerable",,"Risk of egg collection and nest disturbance","3","1km"
"Baeckea kandos A.R.Bean ","https://id.biodiversity.org.au/node/apni/2886411","Baeckea kandos","Myrtaceae",,,"Myrtaceae","E1","Endangered",,"Risk of disturbance","3","1km"
"Falco hypoleucos","urn:lsid:biodiversity.org.au:afd.taxon:5c4c5947-83a6-4a42-b861-8c408cfed4e7","Falco (Hierofalco) hypoleucos","Falconidae",,,"Falconidae","E1","Endangered",,"Risk of egg collection and nest disturbance","2","10km"
"Pterostylis elegans D.L. Jones","https://id.biodiversity.org.au/name/apni/147257","Pterostylis elegans","Orchidaceae",,"Elegant Greenhood","Orchidaceae","V","Vulnerable",,"Risk of disturbance and collection","2","10km"
"Genoplesium insigne D.L. Jones","https://id.biodiversity.org.au/name/apni/167942","Genoplesium insigne","Orchidaceae",,,"Orchidaceae","E4A","Critically Endangered","Previously Genoplesium insignis D.L. Jones","Risk of disturbance and collection","2","10km"
"Lysimachia vulgaris var. davurica (Ledeb.) Knuth ","https://id.biodiversity.org.au/node/apni/2901512","Lysimachia vulgaris var. davurica","Primulaceae",,"Yellow Loosestrife","Primulaceae","E1","Endangered",,"Risk of disturbance","3","1km"
"Peristeranthus hillii (F. Muell.) T.E. Hunt. ","https://id.biodiversity.org.au/name/apni/92597","Peristeranthus hillii","Orchidaceae",,"Brown Fairy-chain Orchid","Orchidaceae","V","Vulnerable",,"Risk of disturbance and collection","2","10km"
"Thelymitra kangaloonica Jeanes D.L. Jones 18108","ALA_Thelymitra_kangaloonica_Jeanes_D_L_Jones_18108","Thelymitra kangaloonica Jeanes D.L. Jones 18108",,,"Kangaloon Sun Orchid","Orchidaceae","E4A","Critically Endangered","Previously Thelymitra sp Kangaloon (D.L. Jones 18108)","Risk of illegal collection","2","10km"
"Amytornis textilis modestus","ALA_Amytornis_textilis_modestus","Amytornis textilis modestus",,,"Thick-billed Grasswren (eastern subspecies)","Maluridae","E4A","Critically Endangered",,"Risk of egg collection","2","10km"
"Boronia boliviensis ms ","ALA_Boronia_boliviensis_ms","Boronia boliviensis ms",,,"Bolivia Hill Boronia","Rutaceae","E1","Endangered",,"Risk of disturbance","3","1km"
"Gentiana wingecarribiensis L. Adams ","https://id.biodiversity.org.au/node/apni/2915610","Gentiana wingecarribiensis","Gentianaceae",,"Wingecarribee Gentian","Gentianaceae","E4A","Critically Endangered",,"Risk of disturbance","3","1km"
"Prasophyllum innubum D.L.Jones","https://id.biodiversity.org.au/name/apni/204873","Prasophyllum innubum","Orchidaceae",,,"Orchidaceae","E4A","Critically Endangered",,"Risk of disturbance and collection","2","10km"
"Hibbertia sp. Turramurra (A.Robinson s.n. NSW981514)","ALA_Hibbertia_sp_Turramurra_A_Robinson_s_n_NSW981514","Hibbertia sp. Turramurra (A.Robinson s.n. NSW981514)",,,,"Dilleniaceae","EA4",,,"Risk of disturbance and collection","2","10km"
"Sarcochilus weinthalii (F.M. Bailey) Dockrill","https://id.biodiversity.org.au/node/apni/2890229","Sarcochilus weinthalii","Orchidaceae",,,"Orchidaceae","V","Vulnerable",,"Risk of disturbance and collection","2","10km"
"Euphrasia scabra R. Br. ","https://id.biodiversity.org.au/node/apni/2903366","Euphrasia scabra","Scrophulariaceae",,"Rough Eyebright","Scrophulariaceae","E1","Endangered",,"Risk of disturbance","3","1km"
"Banksia vincentia Stimpson & P.H.Weston","https://id.biodiversity.org.au/node/apni/4546357","Banksia vincentia","Proteaceae",,,"Proteaceae","E4A","Critically Endangered",,"Low numbers, risk of disturbance and collection","2","10km"
"Cyclopsitta diophthalma coxeni","urn:lsid:biodiversity.org.au:afd.taxon:af726a03-020b-41f8-941b-b15a5141ec52","Cyclopsitta diophthalma coxeni","Psittacidae",,"Double-eyed Fig-parrot [Coxen’s Fig-parrot]","Psittacidae","E4A","Critically Endangered",,"Risk of egg collection and nest disturbance","2","10km"
"Neophema pulchella","urn:lsid:biodiversity.org.au:afd.taxon:18a3adb5-3ffd-4396-a0f5-0f6b3edd75cf","Neophema (Neophema) pulchella","Psittacidae",,,"Psittacidae","V","Vulnerable",,"Risk of egg collection and nest disturbance","3","1km"
"Cheilanthes sieberi subsp. pseudovellea H. Quirk & T.C. Chambers ","https://id.biodiversity.org.au/node/apni/2907348","Cheilanthes sieberi subsp. pseudovellea","Pteridaceae",,,"Sinopteridaceae","E1","Endangered",,"Risk of disturbance","3","1km"
"Philoria kundagungan","urn:lsid:biodiversity.org.au:afd.taxon:fcb2e700-8046-4556-94bd-78d188dadd9c","Philoria kundagungan","Limnodynastidae",,,"Myobatrachidae","E1","Endangered",,"Risk of collection and disease","2","10km"
"Prasophyllum keltonii D.L.Jones","https://id.biodiversity.org.au/name/apni/204872","Prasophyllum keltonii","Orchidaceae",,"Kelton's Leek Orchid","Orchidaceae","E4A","Critically Endangered",,"Risk of disturbance and collection","2","10km"
"Cymbidium canaliculatum  R.Br.","https://id.biodiversity.org.au/name/apni/93196","Cymbidium canaliculatum","Orchidaceae",,"Tiger Orchid","Orchidaceae","E2","Endangered Population",,"Risk of disturbance and collection","2","10km"
"Bulbophyllum globuliforme Nicholls ","https://id.biodiversity.org.au/node/apni/2891560","Bulbophyllum globuliforme","Orchidaceae",,"Hoop Pine Orchid","Orchidaceae","V","Vulnerable",,"Risk of disturbance and collection","2","10km"
"Mixophyes balbus","urn:lsid:biodiversity.org.au:afd.taxon:7e478d81-8ec8-49ae-a51f-b838bbe05c77","Mixophyes balbus","Myobatrachidae",,,"Myobatrachidae","E1","Endangered",,"Risk of collection and disease","2","10km"
"Fontainea oraria Jessup & Guymer","https://id.biodiversity.org.au/node/apni/2917992","Fontainea oraria","Euphorbiaceae",,"Coastal Fontainea","Euphorbiaceae","E4A","Critically Endangered",,"Low numbers","2","10km"
"Callistemon linearifolius (Link) DC ","https://id.biodiversity.org.au/node/apni/2897309","Callistemon linearifolius","Myrtaceae",,"Netted Bottle Brush","Myrtaceae","V","Vulnerable",,"Risk of disturbance","3","1km"
"Calyptorhynchus banksii banksii","urn:lsid:biodiversity.org.au:afd.taxon:7fa935d6-9efb-4aa8-bdca-8f127316d48e","Calyptorhynchus (Calyptorhynchus) banksii banksii","Cacatuidae",,"Red-tailed Black-Cockatoo (coastal subspecies)","Cacatuidae","E4A","Critically Endangered",,"Risk of egg collection and nest disturbance","2","10km"
"Prasophyllum fuscum R. Br. ","https://id.biodiversity.org.au/node/apni/2915139","Prasophyllum fuscum","Orchidaceae",,"Slaty Leek Orchid","Orchidaceae","E4A","Critically Endangered",,"Risk of disturbance and collection","2","10km"
"Prasophyllum sp. Moama (D.L. Jones 19276)","ALA_Prasophyllum_sp_Moama_D_L_Jones_19276","Prasophyllum sp. Moama (D.L. Jones 19276)",,,,"Orchidaceae","E4A","Critically Endangered",,"Risk of disturbance and collection","2","10km"
"Prasophyllum pallens D.L.Jones","https://id.biodiversity.org.au/name/apni/163821","Prasophyllum pallens","Orchidaceae",,"Musty Leek Orchid","Orchidaceae","V","Vulnerable",,"Risk of disturbance and collection","2","10km"
"Eucalyptus copulans L. Johnson & K. Hill ","https://id.biodiversity.org.au/node/apni/2891931","Eucalyptus copulans","Myrtaceae",,,"Myrtaceae","E1","Endangered",,"Risk of disturbance","3","1km"
"Pilularia novae-hollandiae A. Braun ","https://id.biodiversity.org.au/node/apni/2905369","Pilularia novae-hollandiae","Marsileaceae",,"Austral Pillwort","Marsileaceae","E1","Endangered",,"Risk of disturbance","3","1km"
"Corybas dowlingii D.L.Jones","https://id.biodiversity.org.au/name/apni/189612","Corybas dowlingii","Orchidaceae",,"Red Helmet Orchid","Orchidaceae","E1","Endangered",,"Risk of disturbance and collection","2","10km"
"Persoonia hirsuta Pers.","https://id.biodiversity.org.au/node/apni/2902498","Persoonia hirsuta","Proteaceae",,"Hairy Geebung","Proteaceae","E1","Endangered",,"Risk of disturbance","3","1km"
"Sarcochilus hartmannii F. Muell. ","https://id.biodiversity.org.au/node/apni/2898379","Sarcochilus hartmannii","Orchidaceae",,"Hartman's Sarcochilus","Orchidaceae","V","Vulnerable",,"Risk of disturbance and collection","2","10km"
"Pseudophryne pengilleyi","urn:lsid:biodiversity.org.au:afd.taxon:cc5315bf-6682-44d9-809c-139afaddf7c8","Pseudophryne pengilleyi","Myobatrachidae",,,"Myobatrachidae","E4A","Critically Endangered",,"Risk of collection and disease","2","10km"
"Lophoictinia isura","urn:lsid:biodiversity.org.au:afd.taxon:f6edc452-91de-4ab0-9cf6-49ca23b82995","Lophoictinia isura","Accipitridae",,,"Accipitridae","V","Vulnerable",,"Risk of egg collection and nest disturbance","3","1km"
"Wollemia nobilis W. Jones, K. Hill & J. Allen","https://id.biodiversity.org.au/node/apni/2899238","Wollemia nobilis","Araucariaceae",,"Wollemi Pine","Araucariaceae","E1","Endangered",,"High biological significance; susceptible to exploitation and disease","1","WITHHOLD"
"Diuris ochroma D.L. Jones","https://id.biodiversity.org.au/node/apni/2914029","Diuris ochroma","Orchidaceae",,"Pale Golden Moths","Orchidaceae","E1","Endangered",,"Risk of disturbance and collection","2","10km"
"Micromyrtus grandis J.T. Hunter ","https://id.biodiversity.org.au/node/apni/2898424","Micromyrtus grandis","Myrtaceae",,"Severn River Heath-myrtle","Myrtaceae","E1","Endangered",,"Risk of disturbance","3","1km"
"Hamirostra melanosternon","urn:lsid:biodiversity.org.au:afd.taxon:c89b8b74-f2bb-4a39-a6a9-e6573d36d557","Hamirostra melanosternon","Accipitridae",,,"Accipitridae","V","Vulnerable",,"Risk of egg collection and nest disturbance","3","1km"
"Pseudophryne corroboree","urn:lsid:biodiversity.org.au:afd.taxon:1a3bc394-a748-4755-a6b8-98dd42da48db","Pseudophryne corroboree","Myobatrachidae",,,"Myobatrachidae","E4A","Critically Endangered",,"Risk of collection and disease","2","10km"
"Calyptorhynchus banksii samueli","urn:lsid:biodiversity.org.au:afd.taxon:a6f12637-cbaf-47a2-9321-f71a0f9e59d3","Calyptorhynchus (Calyptorhynchus) banksii samueli","Cacatuidae",,"Red-tailed Black-Cockatoo (inland subspecies)","Cacatuidae","V","Vulnerable",,"Risk of egg collection and nest disturbance","2","10km"
"Diuris praecox D.L. Jones ","https://id.biodiversity.org.au/node/apni/2898996","Diuris praecox","Orchidaceae",,"Rough Doubletail","Orchidaceae","V","Vulnerable",,"Risk of disturbance and collection","2","10km"
"Pimelea axiflora subsp. pubescens Rye","https://id.biodiversity.org.au/node/apni/8328266","Pimelea axiflora subsp. pubescens","Thymelaeaceae",,"Bungonia Rice-flower","Thymelaeaceae","E1","Endangered",,"Possibility of the introduction of pathogens to the site if the precise locality is publicly available","2","10km"
"Diuris pedunculata R. Br. ","https://id.biodiversity.org.au/node/apni/2909560","Diuris pedunculata","Orchidaceae",,"Small Snake Orchid","Orchidaceae","E1","Endangered",,"Risk of disturbance and collection","2","10km"
"Pomaderris walshii J.C. Millott & K.L. McDougall","https://id.biodiversity.org.au/node/apni/2909534","Pomaderris walshii","Rhamnaceae",,"Carrington Falls Pomaderris","Rhamnaceae","E4A","Critically Endangered",,"Possibility of the introduction of pathogens to the site if the precise locality is publicly available","2","10km"
"Pterostylis gibbosa R. Br. ","https://id.biodiversity.org.au/node/apni/2919856","Pterostylis gibbosa","Orchidaceae",,,"Orchidaceae","E1","Endangered",,"Risk of disturbance and collection","2","10km"
"Glossopsitta porphyrocephala","urn:lsid:biodiversity.org.au:afd.taxon:fb2711ca-71a0-478b-b6f3-2b4ded21bdec","Parvipsitta porphyrocephala","Psittacidae",,,"Psittacidae","V","Vulnerable",,"Risk of egg collection and nest disturbance","3","1km"
"Chiloglottis anaticeps D.L. Jones","https://id.biodiversity.org.au/name/apni/117388","Chiloglottis anaticeps","Orchidaceae",,"Bird Orchid","Orchidaceae","E1","Endangered",,"Risk of disturbance and collection","2","10km"
"Viola cleistogamoides (L. Adams) Seppelt ","https://id.biodiversity.org.au/node/apni/2892487","Viola cleistogamoides","Violaceae",,"Hidden Violet","Violaceae","E1","Endangered",,"Risk of disturbance","3","1km"
"Jalmenus eubulus","urn:lsid:biodiversity.org.au:afd.taxon:2da9c823-15f0-43de-8ebc-0f20dacbfa61","Jalmenus eubulus","Lycaenidae",,"Pale Imperial Hairstreak","Lycaenidae","E4A","Critically Endangered",,"Risk of illegal collection","2","10km"
"Diuris venosa Rupp","https://id.biodiversity.org.au/node/apni/2896413","Diuris venosa","Orchidaceae",,"Veined Doubletail","Orchidaceae","V","Vulnerable",,"Risk of disturbance and collection","2","10km"
"Hakea archaeoides W. R. Barker ","https://id.biodiversity.org.au/node/apni/2920623","Hakea archaeoides","Proteaceae",,"Big Nellie Hakea","Proteaceae","V","Vulnerable",,"Risk of disturbance","3","1km"
"Pultenaea elusa (J.D. Briggs & Crisp) R.P.J. de Kok","https://id.biodiversity.org.au/node/apni/2921308","Pultenaea elusa","Fabaceae",,"Elusive Bush-pea","Fabaceae","E4A","Critically Endangered",,"Risk of disturbance","3","1km"
"Myuchelys georgesi","urn:lsid:biodiversity.org.au:afd.taxon:4f95257b-a79e-452a-bc1e-9f512d8fd878","Wollumbinia georgesi","Chelidae",,"Bellinger River Snapping Turtle","Chelidae","E4A","Critically Endangered",,"Risk of collection and spread of disease","2","10km"
"Prostanthera gilesii","https://id.biodiversity.org.au/taxon/apni/51288027","Prostanthera gilesii","Lamiaceae",,,,,,,"Risk of illegal collection","2","10km"
"Dasyornis brachypterus","urn:lsid:biodiversity.org.au:afd.taxon:67723115-0e97-42fb-86f5-0f3ce82a0d74","Dasyornis (Dasyornis) brachypterus","Dasyornithidae",,,,"E1","Endangered",,"Risk of egg collection and nest disturbance","2","10km"
"Caladenia montana","https://id.biodiversity.org.au/name/apni/119068","Caladenia montana","Orchidaceae",,,,"V","Vulnerable",,"Risk of disturbance and collection","2","10km"
"Pterostylis alpina","https://id.biodiversity.org.au/name/apni/74094","Pterostylis alpina","Orchidaceae",,,,"V","Vulnerable",,"Risk of disturbance and collection","2","10km"
